"Source","Destination","SourceSHA256","DestinationSHA256","HashMatch","Disposition"
"D:\Hydroponic_IoT_ESP32\CODEX_PHASE21_FIX1_FINAL_REPORT.md","00_Docs\Phase_Reports\CODEX_PHASE21_FIX1_FINAL_REPORT.md","4BE903CFBAACBFA81448B37A3A4EB5148E2863EE03D0D72CE5D4507F26CDF9A8","4BE903CFBAACBFA81448B37A3A4EB5148E2863EE03D0D72CE5D4507F26CDF9A8","True","main-root duplicate"
"D:\Hydroponic_IoT_ESP32\CODEX_PHASE21_FIX2_FINAL_REPORT.md","00_Docs\Phase_Reports\CODEX_PHASE21_FIX2_FINAL_REPORT.md","398352EC2E21719D69554F0C035277958478ACFC20079E321F98935F443E08F6","398352EC2E21719D69554F0C035277958478ACFC20079E321F98935F443E08F6","True","main-root duplicate"
"D:\Hydroponic_IoT_ESP32\CODEX_PHASE22A_FINAL_REPORT.md","00_Docs\Phase_Reports\CODEX_PHASE22A_FINAL_REPORT.md","FC14F1E25C244346776FDC7DDCB76A4693A22EE995F7C4F9FCB1E9BB219EB3B4","FC14F1E25C244346776FDC7DDCB76A4693A22EE995F7C4F9FCB1E9BB219EB3B4","True","main-root duplicate"
"D:\Download\CODEX_PHASE22A_FIX2_FINAL_REPORT.md","00_Docs\Phase_Reports\CODEX_PHASE22A_FIX2_FINAL_REPORT.md","B258839B3DC936CECE97D504805820FAEE9291F594B49B59BF7333DC9590611B","B258839B3DC936CECE97D504805820FAEE9291F594B49B59BF7333DC9590611B","True","external reference retained outside deletion scope"
"D:\Download\PHASE21_INDEPENDENT_AUDIT.md","00_Docs\Phase_Reports\PHASE21_INDEPENDENT_AUDIT.md","D307C4A9B308A9DF3B48E3932B5D8068A1A25EFAE1BA8036247FA664DB5612DB","D307C4A9B308A9DF3B48E3932B5D8068A1A25EFAE1BA8036247FA664DB5612DB","True","external reference retained outside deletion scope"
"D:\Download\PHASE21_FIX1_REAUDIT_AND_CLEANUP_PLAN.md","00_Docs\Phase_Reports\PHASE21_FIX1_REAUDIT_AND_CLEANUP_PLAN.md","FF790BEFBE7C76A510EC272C54D8F5E77CEC713BAA515BC0040DBD6CD9346660","FF790BEFBE7C76A510EC272C54D8F5E77CEC713BAA515BC0040DBD6CD9346660","True","external reference retained outside deletion scope"
"D:\Hydroponic_IoT_ESP32_PHASE22A_FIX1_REAUDIT\CODEX_PHASE22B_STAGE0_REPORT.md","00_Docs\Phase_Reports\CODEX_PHASE22B_STAGE0_REPORT.md","B08AAB6A00FC51115ECC254BB65EBF39A2B490AA3441A9F4AE46ACDCC30587CE","B08AAB6A00FC51115ECC254BB65EBF39A2B490AA3441A9F4AE46ACDCC30587CE","True","inside redundant source tree"
"D:\Hydroponic_IoT_ESP32_PHASE22A_FIX1_REAUDIT\CODEX_PHASE22B_STAGE1_PREFLIGHT_REPORT.md","00_Docs\Phase_Reports\CODEX_PHASE22B_STAGE1_PREFLIGHT_REPORT.md","AB006ABED86C1B0CB46CE9745DCCCBA55E6D583F4CDBBAD0EBAB58DF8D44BE14","AB006ABED86C1B0CB46CE9745DCCCBA55E6D583F4CDBBAD0EBAB58DF8D44BE14","True","inside redundant source tree"
"D:\Hydroponic_IoT_ESP32_PHASE22A_FIX1_REAUDIT\CODEX_PHASE22B_STAGE1_PREFLIGHT.patch","00_Docs\Patches\CODEX_PHASE22B_STAGE1_PREFLIGHT.patch","2FE9A2817E6C3F36369C7A7BEAA7E8FA891465ECC7014A93434F465877FE2D82","2FE9A2817E6C3F36369C7A7BEAA7E8FA891465ECC7014A93434F465877FE2D82","True","inside redundant source tree"
